tug_id,name,start,minutes,rule_label,mean_sog,max_sog,lat,lon,nearest_ship,ship_dist_m,hand_label,note
366892000,Jamie Ann,2024-12-05T08:22:00+00:00,29,transit,9.41,11.4,33.7436,-118.20601,MACKENZIE,655,,
367569830,Barbara J Mulholland,2024-12-03T00:40:00+00:00,16,transit,5.32,5.5,33.73617,-118.20133,CSCL AUTUMN,695,,
368084540,Delta Teresa,2024-12-06T22:15:00+00:00,10,assist,6.33,7.75,33.72999,-118.27327,BOOTES,2,,
367569830,Barbara J Mulholland,2024-12-04T08:29:00+00:00,13,transit,5.42,6.7,33.76707,-118.22353,MARJORIE C,485,,
367401030,Delta Billie,2024-12-03T10:32:00+00:00,5,assist,7.08,7.2,33.75531,-118.21712,EAST LOYALTY,24,,
366892000,Jamie Ann,2024-12-08T03:17:00+00:00,123,idle,0.21,7.8,33.76142,-118.21875,POLYNESIA QUEEN,90,,
367330510,Patricia Ann,2024-12-05T02:16:00+00:00,29,transit,6.64,7.6,33.736,-118.27008,HYUNDAI EARTH,1347,,
367004260,Cabrillo,2024-12-07T16:16:00+00:00,10,transit,7.04,8.6,33.74288,-118.15293,EMPIRE STATE,981,,
367175860,Independence,2024-12-05T23:29:00+00:00,5,transit,5.44,5.6,33.74437,-118.27437,NYK VEGA,67,,
366755010,Master,2024-12-05T15:14:00+00:00,7,assist,5.89,6.3,33.75559,-118.217,OOCL TAIPEI,0,,
366998840,Millennium Maverick,2024-12-02T02:15:00+00:00,53,idle,0.12,0.8,33.75563,-118.28033,UTAH VOYAGER,32,,
367569830,Barbara J Mulholland,2024-12-03T07:15:00+00:00,8,transit,6.45,6.7,33.7643,-118.24704,SM LONG BEACH,512,,
368136950,Hercules,2024-12-02T21:06:00+00:00,6,idle,2.0,2.1,33.74259,-118.20518,ARISTON BULKER,0,,
368171260,Madeline B Hamilton,2024-12-05T20:54:00+00:00,88,charging,0.02,0.4,33.73123,-118.26085,CMA CGM MISSISSIPPI,171,,
367569830,Barbara J Mulholland,2024-12-05T05:05:00+00:00,14,idle,0.59,3.67,33.76659,-118.2387,SM LONG BEACH,17,,
366998840,Millennium Maverick,2024-12-08T18:20:00+00:00,6,assist,3.31,5.4,33.75817,-118.26022,LOWLANDS ERICA,24,,
368171390,Brooks M Hamilton,2024-12-06T21:05:00+00:00,5,assist,4.38,4.55,33.76081,-118.21916,POLYNESIA QUEEN,10,,
367625810,Delta Audrey,2024-12-06T07:14:00+00:00,5,assist,7.28,7.9,33.75576,-118.21724,POLAR RESOLUTION,0,,
368133450,Darell Hiatt,2024-12-07T23:42:00+00:00,5,assist,2.08,2.8,33.74911,-118.20772,PATROKLOS,0,,
366998840,Millennium Maverick,2024-12-08T18:26:00+00:00,5,idle,2.0,3.2,33.76108,-118.25715,HAFNIA SHANGHAI,279,,
366998840,Millennium Maverick,2024-12-03T13:44:00+00:00,705,charging,0.01,0.3,33.76393,-118.25682,CIELO ROSSO,194,,
338602000,Baltimore,2024-12-04T15:40:00+00:00,1493,idle,0.1,3.6,33.73391,-118.2315,CAPE ISABEL,999,,
303466000,Sarah Avrick,2024-12-08T21:43:00+00:00,29,idle,0.16,1.9,33.75543,-118.27384,MSC GISELLE,79,,
367004260,Cabrillo,2024-12-03T19:39:00+00:00,16,idle,1.07,3.65,33.74074,-118.1403,SEASPAN GARIBALDI,737,,
366998840,Millennium Maverick,2024-12-03T12:45:00+00:00,5,idle,2.94,3.98,33.74861,-118.27187,MSC AGRIGENTO,175,,
367625810,Delta Audrey,2024-12-05T09:08:00+00:00,8,transit,7.64,8.1,33.76704,-118.22058,OHIO,470,,
368171260,Madeline B Hamilton,2024-12-07T00:09:00+00:00,31,transit,6.97,7.8,33.73846,-118.26805,NAVIGATOR OFTHE SEAS,385,,
366892000,Jamie Ann,2024-12-06T23:24:00+00:00,16,assist,2.92,6.7,33.73316,-118.09666,AUSTRALIAN WARSHIP,9,,
366755010,Master,2024-12-06T06:31:00+00:00,25,transit,7.44,8.7,33.68099,-118.16299,ANTIPOLIS,419,,
368133450,Darell Hiatt,2024-12-07T12:25:00+00:00,8,assist,2.26,4.7,33.74874,-118.20792,LADY ANNE,15,,
366998840,Millennium Maverick,2024-12-02T13:47:00+00:00,5,assist,0.94,1.3,33.74676,-118.21161,GRAND RACE,22,,
368136950,Hercules,2024-12-06T02:26:00+00:00,6,transit,6.53,7.6,33.72434,-118.18274,EMPIRE STATE,231,,
367625810,Delta Audrey,2024-12-06T23:13:00+00:00,45,idle,0.65,6.1,33.76672,-118.25303,BISHU HIGHWAY,0,,
366998840,Millennium Maverick,2024-12-08T14:16:00+00:00,34,idle,0.24,1.9,33.76625,-118.27234,ONE THESEUS,21,,
303466000,Sarah Avrick,2024-12-03T14:05:00+00:00,17,assist,1.49,2.5,33.74527,-118.27341,EVER LIBERAL,0,,
368136950,Hercules,2024-12-05T09:18:00+00:00,149,idle,0.02,1.6,33.75002,-118.21543,OOCL TAIPEI,154,,
368084540,Delta Teresa,2024-12-08T03:03:00+00:00,346,idle,0.04,7.1,33.77291,-118.21802,ANTIPOLIS,559,,
366755010,Master,2024-12-06T06:07:00+00:00,24,idle,0.15,1.2,33.67434,-118.17703,EAST LOYALTY,3164,,
368084540,Delta Teresa,2024-12-07T12:23:00+00:00,9,transit,7.89,8.1,33.7379,-118.20271,SALOME,466,,
367625810,Delta Audrey,2024-12-08T04:38:00+00:00,6,assist,6.97,7.9,33.75663,-118.21784,AS SUWAYQ,14,,
366978690,Eagle,2024-12-04T17:00:00+00:00,11,idle,1.47,3.4,33.75517,-118.27383,MAERSK YOSEMITE,145,,
303466000,Sarah Avrick,2024-12-08T14:06:00+00:00,152,charging,0.0,0.2,33.7636,-118.25692,HAFNIA SHANGHAI,165,,
367004260,Cabrillo,2024-12-06T08:46:00+00:00,38,transit,6.62,7.9,33.73636,-118.1798,COSCO OCEANIA,578,,
367175860,Independence,2024-12-03T21:23:00+00:00,232,charging,0.04,0.2,33.72803,-118.27397,CMA CGM MISSISSIPPI,1433,,
367330510,Patricia Ann,2024-12-02T13:25:00+00:00,6,assist,5.27,6.6,33.73803,-118.20614,GRAND RACE,11,,
368084540,Delta Teresa,2024-12-05T10:39:00+00:00,7,transit,6.35,6.6,33.7661,-118.2212,OHIO,623,,
367401030,Delta Billie,2024-12-04T15:12:00+00:00,8,assist,0.67,1.1,33.72972,-118.25799,HYUNDAI EARTH,0,,
367625810,Delta Audrey,2024-12-08T22:41:00+00:00,33,idle,0.46,2.9,33.73777,-118.2187,AMSTEL STORK,82,,
303466000,Sarah Avrick,2024-12-02T20:38:00+00:00,235,idle,0.03,0.3,33.74207,-118.19377,YM WELLHEAD,6,,
368171390,Brooks M Hamilton,2024-12-03T02:01:00+00:00,19,idle,0.47,2.7,33.73057,-118.26146,CMA CGM MISSISSIPPI,252,,
